<ImportExportXml xmlns:xsi="http://www.w3.org/2001/XMLSchema-instance">
  <Entities></Entities>
  <Roles></Roles>
  <Workflows></Workflows>
  <FieldSecurityProfiles></FieldSecurityProfiles>
  <Templates />
  <EntityMaps />
  <EntityRelationships />
  <OrganizationSettings />
  <optionsets />
  <CustomControls />
  <SolutionPluginAssemblies>
    <PluginAssembly FullName="ITAintBoring.AdvancedDuplicateDetection.AdminPlugins, Version=1.0.0.0, Culture=neutral, PublicKeyToken=f252f745f8d3f30e" PluginAssemblyId="a6eed22b-2563-457a-9d2c-3fbfba15f984" CustomizationLevel="1">
      <IsolationMode>2</IsolationMode>
      <SourceType>0</SourceType>
      <IntroducedVersion>1.0</IntroducedVersion>
      <FileName>/PluginAssemblies/ITAintBoringAdvancedDuplicateDetectionAdminPlugins-A6EED22B-2563-457A-9D2C-3FBFBA15F984/ITAintBoringAdvancedDuplicateDetectionAdminPlugins.dll</FileName>
      <PluginTypes>
        <PluginType AssemblyQualifiedName="ITAintBoring.AdvancedDuplicateDetection.Admin.Actions, ITAintBoring.AdvancedDuplicateDetection.AdminPlugins, Version=1.0.0.0, Culture=neutral, PublicKeyToken=f252f745f8d3f30e" PluginTypeId="e6362af5-e53b-4ba3-a9de-73f4bbe23366" Name="ITAintBoring.AdvancedDuplicateDetection.Admin.Actions">
          <FriendlyName>b8328311-7865-4c21-b975-8d5774c45c6e</FriendlyName>
        </PluginType>
      </PluginTypes>
    </PluginAssembly>
  </SolutionPluginAssemblies>
  <EntityDataProviders />
  <CanvasApps>
    <CanvasApp>
      <Name>ita_itabusinessrulesadmin_b186c</Name>
      <AppVersion>2023-07-17T03:59:34Z</AppVersion>
      <Status>Ready</Status>
      <CreatedByClientVersion>3.23071.11.0</CreatedByClientVersion>
      <MinClientVersion>3.23071.11.0</MinClientVersion>
      <Tags>{"primaryDeviceWidth":"1366","primaryDeviceHeight":"768","supportsPortrait":"true","supportsLandscape":"true","primaryFormFactor":"Tablet","publisherVersion":"3.23071.11","minimumRequiredApiVersion":"2.2.0","hasComponent":"true","hasUnlockedComponent":"true","isUnifiedRootApp":"false","sienaVersion":"20230716T220048Z-3.23071.11.0"}</Tags>
      <IsCdsUpgraded>0</IsCdsUpgraded>
      <GalleryItemId xsi:nil="true"></GalleryItemId>
      <BackgroundColor>RGBA(0,176,240,1)</BackgroundColor>
      <DisplayName>ITA Business Rules Admin</DisplayName>
      <Description xsi:nil="true"></Description>
      <CommitMessage xsi:nil="true"></CommitMessage>
      <Publisher xsi:nil="true"></Publisher>
      <AuthorizationReferences>[]</AuthorizationReferences>
      <ConnectionReferences>{}</ConnectionReferences>
      <DatabaseReferences>{"default.cds":{"databaseDetails":{"referenceType":"Environmental","environmentName":"default.cds","overrideValues":{"status":"NotSpecified"}},"dataSources":{"Sdk Message Processing Steps":{"entitySetName":"sdkmessageprocessingsteps","logicalName":"sdkmessageprocessingstep"},"Sdk Messages":{"entitySetName":"sdkmessages","logicalName":"sdkmessage"},"Plug-in Assemblies":{"entitySetName":"pluginassemblies","logicalName":"pluginassembly"},"Sdk Message Filters":{"entitySetName":"sdkmessagefilters","logicalName":"sdkmessagefilter"},"environment_39a902ba":{"entitySetName":"Environment","logicalName":"environment_39a902ba"}}}}</DatabaseReferences>
      <AppComponents>[]</AppComponents>
      <AppComponentDependencies>[]</AppComponentDependencies>
      <CanConsumeAppPass>1</CanConsumeAppPass>
      <CanvasAppType>0</CanvasAppType>
      <BypassConsent>0</BypassConsent>
      <AdminControlBypassConsent>0</AdminControlBypassConsent>
      <EmbeddedApp xsi:nil="true"></EmbeddedApp>
      <IntroducedVersion>1.0</IntroducedVersion>
      <CdsDependencies>{"cdsdependencies":[{"logicalname":"sdkmessageprocessingstep","componenttype":1},{"logicalname":"sdkmessage","componenttype":1},{"logicalname":"pluginassembly","componenttype":1},{"logicalname":"sdkmessagefilter","componenttype":1}]}</CdsDependencies>
      <IsCustomizable>1</IsCustomizable>
      <BackgroundImageUri>/CanvasApps/ita_itabusinessrulesadmin_b186c_BackgroundImageUri</BackgroundImageUri>
      <DocumentUri>/CanvasApps/ita_itabusinessrulesadmin_b186c_DocumentUri.msapp</DocumentUri>
    </CanvasApp>
  </CanvasApps>
  <Languages>
    <Language>1033</Language>
  </Languages>
</ImportExportXml>